{
    "saveName": "DefaultMap",
    "areaWidth": 35.2060432434082,
    "areaHeight": 20.05494499206543,
    "blockSize": 1,
    "noiseScale": 5.054945468902588,
    "octaves": 3,
    "persistence": 0.8337911367416382,
    "lacunarity": 2.432692289352417,
    "seed": 0,
    "offset": {
        "x": -20.604389190673829,
        "y": 0.0
    },
    "thresholds": [
        0.0,
        0.5804945230484009,
        0.865593671798706,
        0.9868676066398621
    ]
}